{"cameraMode":{"drawMode":0,"name":"Shaded","section":"Shading Mode"},"sceneLighting":true,"audioPlay":false,"sceneViewState":{"showFog":true,"showMaterialUpdate":false,"showSkybox":true,"showFlares":true,"showImageEffects":true,"showParticleSystems":true},"in2DMode":false,"pivot":{"x":0.962710976600647,"y":-0.5543493628501892,"z":0.6411370038986206},"rotation":{"x":-0.17971132695674897,"y":-0.6043781042098999,"z":0.1423490196466446,"w":-0.7629991769790649},"size":1.908029317855835,"orthographic":false}